ID,Movie,State,Tomatometer
1,M1,Sober,35.56056328951388
1,M2,Sober,41.1699705388461
1,M3,Sober,27.58909829121719
1,M4,Sober,22.74579157041091
1,M5,Sober,25.80865075618472
1,M6,Sober,37.63563793569027
1,M7,Sober,30.97390836373055
1,M8,Sober,27.623074161731424
1,M9,Sober,32.92672387339185
1,M10,Sober,24.688942869591536
1,M1,Drunk,18.034695259325325
1,M2,Drunk,58.96833655673887
1,M3,Drunk,51.13483832124899
1,M4,Drunk,35.383185629713005
1,M5,Drunk,40.170346731151575
1,M6,Drunk,67.94261327457829
1,M7,Drunk,70.61557531412801
1,M8,Drunk,52.072271910513344
1,M9,Drunk,58.18730115201095
1,M10,Drunk,47.38141561639042
2,M1,Sober,31.133104352361023
2,M2,Sober,50.11319506940685
2,M3,Sober,23.015714608695625
2,M4,Sober,23.79530794566977
2,M5,Sober,31.668244986912526
2,M6,Sober,24.71819994083152
2,M7,Sober,23.14666951000593
2,M8,Sober,22.02034417438266
2,M9,Sober,30.575870463472175
2,M10,Sober,19.051448831827962
2,M1,Drunk,29.975111771135886
2,M2,Drunk,51.83358897541064
2,M3,Drunk,62.180805711864025
2,M4,Drunk,32.31281603222428
2,M5,Drunk,44.36041055570156
2,M6,Drunk,72.6891498414549
2,M7,Drunk,73.14864702544006
2,M8,Drunk,49.644159257070136
2,M9,Drunk,68.61047923306094
2,M10,Drunk,43.618943566190914
3,M1,Sober,20.61771838881396
3,M2,Sober,28.491866586373305
3,M3,Sober,28.62093406902901
3,M4,Sober,9.03287907142527
3,M5,Sober,22.34019398986537
3,M6,Sober,22.777006593718323
3,M7,Sober,11.121798479800496
3,M8,Sober,11.21178428520306
3,M9,Sober,22.816260755388114
3,M10,Sober,32.26181473699589
3,M1,Drunk,19.15273871028004
3,M2,Drunk,63.69268799226575
3,M3,Drunk,38.09399758069523
3,M4,Drunk,39.10628565913915
3,M5,Drunk,30.133076969606865
3,M6,Drunk,59.80241754075856
3,M7,Drunk,63.32245944758018
3,M8,Drunk,50.03024307296919
3,M9,Drunk,58.00349587359672
3,M10,Drunk,30.15326881939519
4,M1,Sober,28.990430892642998
4,M2,Sober,40.207672045155526
4,M3,Sober,41.78859636751545
4,M4,Sober,34.41096441461909
4,M5,Sober,33.9623867062713
4,M6,Sober,38.67404102004606
4,M7,Sober,57.560796482484335
4,M8,Sober,44.215321474631466
4,M9,Sober,50.019981936377
4,M10,Sober,39.84627387145234
4,M1,Drunk,46.32280941889073
4,M2,Drunk,80.26169069637204
4,M3,Drunk,75.99701080027995
4,M4,Drunk,69.17036886018572
4,M5,Drunk,64.14314701692784
4,M6,Drunk,81.36349707367691
4,M7,Drunk,86.36096619179915
4,M8,Drunk,62.5333849165024
4,M9,Drunk,86.06922093522479
4,M10,Drunk,55.99021378007278
5,M1,Sober,18.058629084229054
5,M2,Sober,47.6639867570072
5,M3,Sober,38.458096994128525
5,M4,Sober,28.971359516806956
5,M5,Sober,30.031740219407272
5,M6,Sober,34.0374490728388
5,M7,Sober,36.01290756282136
5,M8,Sober,19.56225804446646
5,M9,Sober,38.857355995647545
5,M10,Sober,21.52367173904431
5,M1,Drunk,36.47441967661482
5,M2,Drunk,59.56354072336392
5,M3,Drunk,61.38882743030763
5,M4,Drunk,40.505873952755294
5,M5,Drunk,61.995142564241554
5,M6,Drunk,69.7252623170036
5,M7,Drunk,76.08297064820201
5,M8,Drunk,53.655249633460514
5,M9,Drunk,68.50210099198777
5,M10,Drunk,43.86342552995198
6,M1,Sober,26.283420450228615
6,M2,Sober,34.10505728367752
6,M3,Sober,25.178010216680647
6,M4,Sober,11.605714265099682
6,M5,Sober,19.313775838466462
6,M6,Sober,32.03241442865792
6,M7,Sober,29.39424554856297
6,M8,Sober,16.794342747175904
6,M9,Sober,27.796450378090107
6,M10,Sober,11.200868539156438
6,M1,Drunk,20.32129426475357
6,M2,Drunk,39.91070619095778
6,M3,Drunk,47.869589378638445
6,M4,Drunk,29.12027117276629
6,M5,Drunk,34.76009691646012
6,M6,Drunk,59.28598817520663
6,M7,Drunk,62.1223030678794
6,M8,Drunk,31.95508407265041
6,M9,Drunk,49.947216359006475
6,M10,Drunk,24.08308645614677
7,M1,Sober,23.45586644398291
7,M2,Sober,40.12555120585179
7,M3,Sober,27.323795870150086
7,M4,Sober,32.323671281930025
7,M5,Sober,27.10586742818238
7,M6,Sober,30.423467357214484
7,M7,Sober,39.88882219555857
7,M8,Sober,24.652231567122914
7,M9,Sober,27.884296815950112
7,M10,Sober,26.43518727819066
7,M1,Drunk,29.6845577304397
7,M2,Drunk,60.76315051579213
7,M3,Drunk,55.98267867176275
7,M4,Drunk,30.347265692949666
7,M5,Drunk,36.13513601702765
7,M6,Drunk,53.570203600615315
7,M7,Drunk,64.1318737528563
7,M8,Drunk,47.61165611822866
7,M9,Drunk,52.155874820507705
7,M10,Drunk,28.020341817356215
8,M1,Sober,23.045255688940514
8,M2,Sober,43.62594288670551
8,M3,Sober,35.09028313300269
8,M4,Sober,26.67841647648026
8,M5,Sober,33.536032792805706
8,M6,Sober,33.551249865518805
8,M7,Sober,37.85463583951902
8,M8,Sober,24.85588230959504
8,M9,Sober,24.759388009506733
8,M10,Sober,37.0032691523336
8,M1,Drunk,44.27159442179983
8,M2,Drunk,81.17873403880868
8,M3,Drunk,66.54382794464236
8,M4,Drunk,46.2363126962959
8,M5,Drunk,49.46003499620387
8,M6,Drunk,83.70743342285607
8,M7,Drunk,89.60823471728068
8,M8,Drunk,56.37965547715748
8,M9,Drunk,74.21021104788292
8,M10,Drunk,54.350428169206936
9,M1,Sober,18.350975840533422
9,M2,Sober,31.03367415277565
9,M3,Sober,20.88795015382848
9,M4,Sober,21.203553923500458
9,M5,Sober,18.66740410186199
9,M6,Sober,25.149011581806754
9,M7,Sober,41.27091189739779
9,M8,Sober,21.376663130942923
9,M9,Sober,36.596521987645716
9,M10,Sober,24.47204720043862
9,M1,Drunk,33.6561605906528
9,M2,Drunk,71.92878374832726
9,M3,Drunk,58.42543441903836
9,M4,Drunk,48.293980916783674
9,M5,Drunk,55.28754261878733
9,M6,Drunk,61.35963231472185
9,M7,Drunk,78.7330399888467
9,M8,Drunk,56.61630219302384
9,M9,Drunk,79.64498310986124
9,M10,Drunk,61.821932328374544
10,M1,Sober,39.685056718603384
10,M2,Sober,44.90220935887331
10,M3,Sober,42.341751280450055
10,M4,Sober,32.50818436076655
10,M5,Sober,33.914423230677464
10,M6,Sober,44.58658109201636
10,M7,Sober,36.78074632847836
10,M8,Sober,38.23728397806168
10,M9,Sober,33.29943811711025
10,M10,Sober,50.92450568831181
10,M1,Drunk,42.59615961433541
10,M2,Drunk,76.52587060106711
10,M3,Drunk,57.36172521862605
10,M4,Drunk,49.43437307498897
10,M5,Drunk,46.79913315198295
10,M6,Drunk,71.38146840778927
10,M7,Drunk,62.36924615145587
10,M8,Drunk,51.82379838151375
10,M9,Drunk,66.09051815519211
10,M10,Drunk,42.58308217841534
11,M1,Sober,34.56922742527314
11,M2,Sober,46.68555821595107
11,M3,Sober,42.99234248170603
11,M4,Sober,23.72804607035673
11,M5,Sober,37.17501561306221
11,M6,Sober,34.078650278013846
11,M7,Sober,46.08209298968218
11,M8,Sober,29.383912886915603
11,M9,Sober,39.064835978151166
11,M10,Sober,29.242406260275285
11,M1,Drunk,38.029891194665254
11,M2,Drunk,76.69994244177929
11,M3,Drunk,59.627602014875734
11,M4,Drunk,43.45995385564314
11,M5,Drunk,53.700824016406905
11,M6,Drunk,76.0507986526767
11,M7,Drunk,78.35456208409613
11,M8,Drunk,55.02004469300852
11,M9,Drunk,80.19523868085199
11,M10,Drunk,46.90977954439636
12,M1,Sober,27.49658688237546
12,M2,Sober,36.461976372317494
12,M3,Sober,39.11343684206766
12,M4,Sober,22.708605151735654
12,M5,Sober,31.197839138521342
12,M6,Sober,46.25813028987755
12,M7,Sober,36.206758696374905
12,M8,Sober,14.791386011404601
12,M9,Sober,32.207114191157885
12,M10,Sober,36.79853950558004
12,M1,Drunk,64.92323095378362
12,M2,Drunk,81.29570511819324
12,M3,Drunk,77.44909917975296
12,M4,Drunk,57.72930048893626
12,M5,Drunk,64.27330553075083
12,M6,Drunk,95.68953645928447
12,M7,Drunk,95.88589409272595
12,M8,Drunk,77.98608993638865
12,M9,Drunk,78.71927036118788
12,M10,Drunk,66.17353457376203
13,M1,Sober,21.49006522066248
13,M2,Sober,24.228293154992738
13,M3,Sober,38.641369612741116
13,M4,Sober,26.25435024424601
13,M5,Sober,22.120107390409547
13,M6,Sober,23.38162223934253
13,M7,Sober,29.379239952167
13,M8,Sober,2.9590428349641655
13,M9,Sober,23.21144657257524
13,M10,Sober,23.14298123347246
13,M1,Drunk,3.834900822432644
13,M2,Drunk,57.40607861864772
13,M3,Drunk,43.26819823265177
13,M4,Drunk,41.05090515714671
13,M5,Drunk,43.65680689926768
13,M6,Drunk,48.98442623660202
13,M7,Drunk,55.416950212789104
13,M8,Drunk,46.04492656888652
13,M9,Drunk,40.538115942897136
13,M10,Drunk,37.81526463522764
14,M1,Sober,28.318751048818292
14,M2,Sober,42.47492750373358
14,M3,Sober,34.15823490018288
14,M4,Sober,37.36607318485742
14,M5,Sober,40.09672231393913
14,M6,Sober,44.86533948006672
14,M7,Sober,36.45531157551316
14,M8,Sober,35.73888531323778
14,M9,Sober,45.275611236766196
14,M10,Sober,39.74467025453077
14,M1,Drunk,37.796868809409574
14,M2,Drunk,62.76521106946481
14,M3,Drunk,64.00453316078566
14,M4,Drunk,49.86346313873633
14,M5,Drunk,52.81089120627773
14,M6,Drunk,81.72281696111033
14,M7,Drunk,77.28899274685986
14,M8,Drunk,67.02517454640687
14,M9,Drunk,72.16371480906535
14,M10,Drunk,58.11873992410183
15,M1,Sober,29.9657967165191
15,M2,Sober,44.53266979895231
15,M3,Sober,23.653090527450047
15,M4,Sober,22.436398804138946
15,M5,Sober,23.41897978290133
15,M6,Sober,18.214898675976315
15,M7,Sober,32.43724746468422
15,M8,Sober,9.585537100674358
15,M9,Sober,18.24370970638983
15,M10,Sober,31.56953149911676
15,M1,Drunk,28.929618875253624
15,M2,Drunk,53.58123558179165
15,M3,Drunk,41.12444725088318
15,M4,Drunk,30.84126101268178
15,M5,Drunk,32.67952742537604
15,M6,Drunk,52.921801107273836
15,M7,Drunk,54.66658764948345
15,M8,Drunk,32.52405729502818
15,M9,Drunk,57.251735892329954
15,M10,Drunk,35.21590977097051
16,M1,Sober,20.438124884638636
16,M2,Sober,32.69698950818779
16,M3,Sober,32.5997507013352
16,M4,Sober,10.125546762349643
16,M5,Sober,30.732648156509963
16,M6,Sober,27.865106375251983
16,M7,Sober,23.370647552470295
16,M8,Sober,19.472288999318305
16,M9,Sober,23.683143886041748
16,M10,Sober,34.22843019196872
16,M1,Drunk,32.15085413305083
16,M2,Drunk,40.45336119347007
16,M3,Drunk,52.8240679738172
16,M4,Drunk,27.066296254314295
16,M5,Drunk,44.29975309731484
16,M6,Drunk,61.01688801697893
16,M7,Drunk,72.82379821269242
16,M8,Drunk,31.765063636094116
16,M9,Drunk,71.58137032781528
16,M10,Drunk,37.477119565191856
17,M1,Sober,29.189972348402875
17,M2,Sober,37.25628709371584
17,M3,Sober,37.667606106083355
17,M4,Sober,26.498391166326556
17,M5,Sober,34.551435285250264
17,M6,Sober,35.05694387146677
17,M7,Sober,40.714421066647446
17,M8,Sober,25.679806198621684
17,M9,Sober,42.61625667482026
17,M10,Sober,26.226998435427934
17,M1,Drunk,41.69356309906764
17,M2,Drunk,71.02789179962697
17,M3,Drunk,47.387518107195106
17,M4,Drunk,45.33996888578829
17,M5,Drunk,47.32458562835256
17,M6,Drunk,73.6546280863403
17,M7,Drunk,79.08856895832585
17,M8,Drunk,71.93035790174791
17,M9,Drunk,64.54384805474075
17,M10,Drunk,51.98203067269867
18,M1,Sober,26.63740032692513
18,M2,Sober,38.63117396321665
18,M3,Sober,39.61115497311714
18,M4,Sober,32.31877239238007
18,M5,Sober,25.11051625802253
18,M6,Sober,32.982076674309006
18,M7,Sober,33.319647068174035
18,M8,Sober,37.34579094924205
18,M9,Sober,35.72297332659051
18,M10,Sober,29.708675618394526
18,M1,Drunk,47.98123613766344
18,M2,Drunk,79.14295126675582
18,M3,Drunk,62.13686833020411
18,M4,Drunk,63.970377682745365
18,M5,Drunk,64.76096423832716
18,M6,Drunk,80.05381701581348
18,M7,Drunk,80.97378623122995
18,M8,Drunk,64.5767571148894
18,M9,Drunk,71.25400903516137
18,M10,Drunk,61.77599370376888
19,M1,Sober,12.307635020753317
19,M2,Sober,41.25195043322569
19,M3,Sober,39.52734551293866
19,M4,Sober,17.856871381045657
19,M5,Sober,38.167412258560056
19,M6,Sober,24.93359180843317
19,M7,Sober,16.410041417133527
19,M8,Sober,21.8011052753622
19,M9,Sober,30.952830895981
19,M10,Sober,28.020583317062197
19,M1,Drunk,21.080209538582665
19,M2,Drunk,47.70665337705876
19,M3,Drunk,54.368193472647164
19,M4,Drunk,25.153807670128526
19,M5,Drunk,48.403551985133404
19,M6,Drunk,53.6671371626005
19,M7,Drunk,61.13790274499941
19,M8,Drunk,44.39989921352638
19,M9,Drunk,51.39792984551864
19,M10,Drunk,38.43314775095517
20,M1,Sober,24.283613109718775
20,M2,Sober,43.964214672915105
20,M3,Sober,28.838781938707072
20,M4,Sober,23.653498213050227
20,M5,Sober,21.3925218276139
20,M6,Sober,29.492509004062047
20,M7,Sober,38.4451849898786
20,M8,Sober,12.398587703941615
20,M9,Sober,23.170373908741627
20,M10,Sober,18.8250171279035
20,M1,Drunk,26.218165631388977
20,M2,Drunk,52.734297233042675
20,M3,Drunk,56.1030995296145
20,M4,Drunk,35.362506936802525
20,M5,Drunk,36.23524363536458
20,M6,Drunk,57.49423358735566
20,M7,Drunk,67.42200281820502
20,M8,Drunk,44.65669685349982
20,M9,Drunk,49.99875101050053
20,M10,Drunk,38.84265690236448
21,M1,Sober,24.695972033446655
21,M2,Sober,42.94100622813816
21,M3,Sober,37.95694082124857
21,M4,Sober,22.3925046754673
21,M5,Sober,35.50057643642728
21,M6,Sober,42.294454720214055
21,M7,Sober,30.191848702716282
21,M8,Sober,22.539976067130375
21,M9,Sober,38.797556245451595
21,M10,Sober,19.05907082267243
21,M1,Drunk,38.920765036952844
21,M2,Drunk,80.35142185819792
21,M3,Drunk,55.32095006092911
21,M4,Drunk,41.40232488730187
21,M5,Drunk,60.17098279909224
21,M6,Drunk,60.33469732448663
21,M7,Drunk,77.38419125624321
21,M8,Drunk,62.702904315092084
21,M9,Drunk,63.44955676573489
21,M10,Drunk,46.345469755607965
22,M1,Sober,27.86805794251765
22,M2,Sober,43.68413487860845
22,M3,Sober,40.03602143805422
22,M4,Sober,27.39232373302688
22,M5,Sober,37.12847552148813
22,M6,Sober,47.87667446271338
22,M7,Sober,38.45097555345361
22,M8,Sober,36.82065391546379
22,M9,Sober,39.49069351471079
22,M10,Sober,29.47908763632692
22,M1,Drunk,40.72536750235486
22,M2,Drunk,71.9884715291886
22,M3,Drunk,50.96458869045492
22,M4,Drunk,56.638190190636486
22,M5,Drunk,56.26938216582306
22,M6,Drunk,68.23534100605009
22,M7,Drunk,83.26684169602461
22,M8,Drunk,53.03398916741637
22,M9,Drunk,67.02782410845438
22,M10,Drunk,34.69392212978747
23,M1,Sober,33.877808586181956
23,M2,Sober,41.81681745839543
23,M3,Sober,39.33630639190501
23,M4,Sober,29.50314576357374
23,M5,Sober,44.525063484663725
23,M6,Sober,34.053136636865865
23,M7,Sober,35.333902686876954
23,M8,Sober,23.31127028962059
23,M9,Sober,43.57495564172157
23,M10,Sober,42.517318220621576
23,M1,Drunk,44.97488044616564
23,M2,Drunk,71.51095486958678
23,M3,Drunk,51.81688895710758
23,M4,Drunk,52.554609000575695
23,M5,Drunk,47.29031302472732
23,M6,Drunk,75.36605538902016
23,M7,Drunk,65.56756702614305
23,M8,Drunk,59.14650065112301
23,M9,Drunk,61.48988666319518
23,M10,Drunk,39.50513325106232
24,M1,Sober,33.44218217937127
24,M2,Sober,39.61368033302185
24,M3,Sober,34.07010048552853
24,M4,Sober,24.24606193302306
24,M5,Sober,38.049493467819985
24,M6,Sober,45.83072827903218
24,M7,Sober,36.48786009123499
24,M8,Sober,27.82509388897987
24,M9,Sober,39.43267096391484
24,M10,Sober,32.217612738646835
24,M1,Drunk,25.948575299906384
24,M2,Drunk,62.09996755262074
24,M3,Drunk,54.2283263823337
24,M4,Drunk,26.658713091742637
24,M5,Drunk,38.813831029031945
24,M6,Drunk,68.66610766286122
24,M7,Drunk,58.42061895960336
24,M8,Drunk,42.05002076724891
24,M9,Drunk,57.85473139356491
24,M10,Drunk,45.27941721969359
25,M1,Sober,37.25322543895675
25,M2,Sober,31.548716973549006
25,M3,Sober,37.94404767712321
25,M4,Sober,27.92081847251473
25,M5,Sober,35.47177556069116
25,M6,Sober,32.53342822313454
25,M7,Sober,31.835946062306768
25,M8,Sober,28.056971596056002
25,M9,Sober,36.60813565434088
25,M10,Sober,15.539381838959327
25,M1,Drunk,41.03355428887599
25,M2,Drunk,63.73800574632817
25,M3,Drunk,60.45971980564276
25,M4,Drunk,47.95347616936113
25,M5,Drunk,46.57221148817344
25,M6,Drunk,62.63495521416325
25,M7,Drunk,71.10511394235152
25,M8,Drunk,55.44516516018384
25,M9,Drunk,65.62689458625073
25,M10,Drunk,38.68150719544337
26,M1,Sober,29.173648314981495
26,M2,Sober,39.243040968172515
26,M3,Sober,26.9196727931803
26,M4,Sober,35.22402521263983
26,M5,Sober,26.58943939064382
26,M6,Sober,35.67769038174835
26,M7,Sober,42.14545871718718
26,M8,Sober,16.56626135561018
26,M9,Sober,27.172115281098918
26,M10,Sober,24.38533391996574
26,M1,Drunk,55.758715691883
26,M2,Drunk,72.82234807747666
26,M3,Drunk,54.7955810132041
26,M4,Drunk,42.68999876456678
26,M5,Drunk,54.28789694650147
26,M6,Drunk,64.96404251235036
26,M7,Drunk,80.214069688531
26,M8,Drunk,63.58720383170209
26,M9,Drunk,60.17844046441937
26,M10,Drunk,49.99485590580422
27,M1,Sober,16.18353514236479
27,M2,Sober,25.566506839061468
27,M3,Sober,24.496568679522312
27,M4,Sober,22.336772944235495
27,M5,Sober,35.018310059955844
27,M6,Sober,27.81351673602618
27,M7,Sober,27.20289558113508
27,M8,Sober,12.246205309762182
27,M9,Sober,28.890135200945586
27,M10,Sober,32.474165832032575
27,M1,Drunk,11.227299033914889
27,M2,Drunk,61.617693536505996
27,M3,Drunk,49.19847525619403
27,M4,Drunk,50.509319115222716
27,M5,Drunk,40.257808959642475
27,M6,Drunk,54.9085075159019
27,M7,Drunk,60.069243787957234
27,M8,Drunk,44.17493242652802
27,M9,Drunk,53.41482317377516
27,M10,Drunk,36.00321117045239
28,M1,Sober,36.7142518166278
28,M2,Sober,51.136302661787745
28,M3,Sober,44.250274955726475
28,M4,Sober,42.54267224621889
28,M5,Sober,37.524379954051426
28,M6,Sober,40.70432766471732
28,M7,Sober,38.17049023539082
28,M8,Sober,32.59517211994117
28,M9,Sober,35.92374506798957
28,M10,Sober,35.69229272421684
28,M1,Drunk,46.44432957835674
28,M2,Drunk,73.21572176332407
28,M3,Drunk,68.35306029439413
28,M4,Drunk,57.2457939306872
28,M5,Drunk,54.331215654540365
28,M6,Drunk,72.85558744506824
28,M7,Drunk,77.31367676788243
28,M8,Drunk,51.15405623310148
28,M9,Drunk,78.07845792311586
28,M10,Drunk,59.5997870608047
29,M1,Sober,21.058536442979488
29,M2,Sober,31.217305995774474
29,M3,Sober,32.818692461789176
29,M4,Sober,23.424268905568898
29,M5,Sober,29.898943953185075
29,M6,Sober,43.18816448021577
29,M7,Sober,36.51629778619356
29,M8,Sober,22.307535621770903
29,M9,Sober,21.98476276449044
29,M10,Sober,36.78645628033617
29,M1,Drunk,22.25080049507514
29,M2,Drunk,48.557752602902575
29,M3,Drunk,47.36533958887882
29,M4,Drunk,40.70655842789546
29,M5,Drunk,43.79002359663007
29,M6,Drunk,71.75093140755031
29,M7,Drunk,63.631467385497515
29,M8,Drunk,29.7441440391058
29,M9,Drunk,50.06075342336352
29,M10,Drunk,49.804129680689215
30,M1,Sober,19.512530798261857
30,M2,Sober,42.64348155175868
30,M3,Sober,42.95677182642413
30,M4,Sober,26.726499692792032
30,M5,Sober,41.164057118777215
30,M6,Sober,44.735608142581434
30,M7,Sober,35.885302521962124
30,M8,Sober,33.38690197524107
30,M9,Sober,34.09262693081343
30,M10,Sober,35.678284985498976
30,M1,Drunk,30.18675984503057
30,M2,Drunk,66.9497687511353
30,M3,Drunk,53.765290448103684
30,M4,Drunk,49.98717971430356
30,M5,Drunk,40.81615178019747
30,M6,Drunk,71.73557222589986
30,M7,Drunk,61.290529800801224
30,M8,Drunk,58.6384860528913
30,M9,Drunk,51.19647063057556
30,M10,Drunk,40.836693596816474
31,M1,Sober,19.644407503476877
31,M2,Sober,39.60532388677233
31,M3,Sober,31.921534291452602
31,M4,Sober,27.998476710872918
31,M5,Sober,22.023865838123825
31,M6,Sober,17.212140670673776
31,M7,Sober,20.23525600300349
31,M8,Sober,19.479180549005893
31,M9,Sober,29.773476271508507
31,M10,Sober,27.50787738419426
31,M1,Drunk,29.8984047878217
31,M2,Drunk,70.276185504754
31,M3,Drunk,55.865298091147054
31,M4,Drunk,50.162430246351285
31,M5,Drunk,58.196819077720484
31,M6,Drunk,61.157389186879456
31,M7,Drunk,61.59196037170692
31,M8,Drunk,42.180427490151786
31,M9,Drunk,57.391506111618504
31,M10,Drunk,37.616849721984664
32,M1,Sober,26.342187891257826
32,M2,Sober,43.79990624743718
32,M3,Sober,39.31875016008898
32,M4,Sober,27.31696327925221
32,M5,Sober,33.190918970830396
32,M6,Sober,37.37521043336783
32,M7,Sober,37.90968185888936
32,M8,Sober,15.962325649504848
32,M9,Sober,42.331429686147096
32,M10,Sober,27.07364300039567
32,M1,Drunk,26.644209094856837
32,M2,Drunk,67.54514385697419
32,M3,Drunk,46.32592154160794
32,M4,Drunk,28.496063902979603
32,M5,Drunk,37.52748723123766
32,M6,Drunk,68.17555061512117
32,M7,Drunk,61.361131764884
32,M8,Drunk,52.8271927159654
32,M9,Drunk,51.19216750424069
32,M10,Drunk,46.45573761840345
33,M1,Sober,33.19092933416955
33,M2,Sober,49.89591998738521
33,M3,Sober,56.586947598180785
33,M4,Sober,32.725867004650944
33,M5,Sober,31.437109570202168
33,M6,Sober,44.49627500796195
33,M7,Sober,37.57469139203418
33,M8,Sober,32.446882905373734
33,M9,Sober,52.603734988937504
33,M10,Sober,42.35839505984099
33,M1,Drunk,41.681540751004235
33,M2,Drunk,70.60610897766907
33,M3,Drunk,65.04206477617977
33,M4,Drunk,50.81699879926436
33,M5,Drunk,41.73021364012008
33,M6,Drunk,68.9659259727565
33,M7,Drunk,64.11015140043989
33,M8,Drunk,29.38510385890152
33,M9,Drunk,56.577463888086996
33,M10,Drunk,52.345253616971696
34,M1,Sober,22.78113008463479
34,M2,Sober,35.154175443835754
34,M3,Sober,23.300171668835038
34,M4,Sober,10.842186081270913
34,M5,Sober,42.808470430581536
34,M6,Sober,29.69509330965109
34,M7,Sober,36.73399319091861
34,M8,Sober,31.092488637552318
34,M9,Sober,24.870288190932882
34,M10,Sober,27.151882234879146
34,M1,Drunk,43.979232692418094
34,M2,Drunk,70.94897972832504
34,M3,Drunk,57.08346354023177
34,M4,Drunk,43.46078797348829
34,M5,Drunk,57.21515536073763
34,M6,Drunk,77.2659491124895
34,M7,Drunk,80.36814181215968
34,M8,Drunk,59.57417963898996
34,M9,Drunk,69.34073337597295
34,M10,Drunk,46.958137668706996
35,M1,Sober,19.289501263115334
35,M2,Sober,40.183916947613966
35,M3,Sober,44.62841731551019
35,M4,Sober,25.088075859946183
35,M5,Sober,19.41736065210813
35,M6,Sober,43.58469301470642
35,M7,Sober,39.89732576969621
35,M8,Sober,9.928581341255168
35,M9,Sober,30.444297441143792
35,M10,Sober,28.670350065844527
35,M1,Drunk,32.9232446048853
35,M2,Drunk,77.1965908533192
35,M3,Drunk,51.2658420568594
35,M4,Drunk,62.57586801125838
35,M5,Drunk,44.03296726670399
35,M6,Drunk,72.32399359092487
35,M7,Drunk,71.35314508281608
35,M8,Drunk,41.95973402614909
35,M9,Drunk,57.37501867361584
35,M10,Drunk,42.663199710699885
36,M1,Sober,28.011880866724436
36,M2,Sober,54.179623729444245
36,M3,Sober,33.11841391832053
36,M4,Sober,50.82438193865619
36,M5,Sober,44.51414182051832
36,M6,Sober,42.317292740089876
36,M7,Sober,48.7476197177529
36,M8,Sober,32.14948713072773
36,M9,Sober,47.31990881771522
36,M10,Sober,43.76979937485817
36,M1,Drunk,37.420573086411096
36,M2,Drunk,81.64181057268003
36,M3,Drunk,53.81276687715169
36,M4,Drunk,58.497427233287794
36,M5,Drunk,45.50343178837383
36,M6,Drunk,73.52298802309797
36,M7,Drunk,69.6434147887365
36,M8,Drunk,59.9205863642697
36,M9,Drunk,65.42940119012887
36,M10,Drunk,50.693727113599294
37,M1,Sober,31.11301896471779
37,M2,Sober,44.526285908132465
37,M3,Sober,34.880539987221155
37,M4,Sober,16.760707960411736
37,M5,Sober,43.52748061982169
37,M6,Sober,44.92441043195526
37,M7,Sober,36.269296447894966
37,M8,Sober,17.945955930407912
37,M9,Sober,43.62262253620908
37,M10,Sober,22.480573288886802
37,M1,Drunk,24.969375236373963
37,M2,Drunk,71.54772489101798
37,M3,Drunk,51.69826842635095
37,M4,Drunk,49.0342703542709
37,M5,Drunk,38.20226512096501
37,M6,Drunk,74.02772128914069
37,M7,Drunk,73.86891027454479
37,M8,Drunk,49.26901684917185
37,M9,Drunk,60.335861658329065
37,M10,Drunk,49.57197183981956
38,M1,Sober,44.104470224831246
38,M2,Sober,28.764394922147545
38,M3,Sober,34.16024172263635
38,M4,Sober,39.72099653324783
38,M5,Sober,28.841220510405666
38,M6,Sober,52.01571455140353
38,M7,Sober,43.36496207282131
38,M8,Sober,27.568406853257724
38,M9,Sober,35.32686475781916
38,M10,Sober,40.58427404335018
38,M1,Drunk,44.84146093741005
38,M2,Drunk,63.74083508832796
38,M3,Drunk,69.9994634140765
38,M4,Drunk,58.04109782328082
38,M5,Drunk,63.109086055244546
38,M6,Drunk,69.0538535704153
38,M7,Drunk,79.4872634801143
38,M8,Drunk,54.56231913843129
38,M9,Drunk,63.548103685673055
38,M10,Drunk,55.77772434619541
39,M1,Sober,24.141154420566643
39,M2,Sober,34.44248534812861
39,M3,Sober,43.756320653147824
39,M4,Sober,25.334283241156225
39,M5,Sober,32.17455633704313
39,M6,Sober,45.14584829769001
39,M7,Sober,32.346323567443854
39,M8,Sober,18.8116620609904
39,M9,Sober,31.288433932867736
39,M10,Sober,24.668772530284357
39,M1,Drunk,22.130915356095095
39,M2,Drunk,66.99180979764253
39,M3,Drunk,59.58196717534156
39,M4,Drunk,40.049905522353455
39,M5,Drunk,47.02659109311935
39,M6,Drunk,55.955596356171604
39,M7,Drunk,63.31361737009879
39,M8,Drunk,47.75083010187802
39,M9,Drunk,49.564230785888974
39,M10,Drunk,39.53730350284621
40,M1,Sober,36.24874418702304
40,M2,Sober,48.393606066368974
40,M3,Sober,38.14785988004169
40,M4,Sober,23.266956956389006
40,M5,Sober,29.929879933342317
40,M6,Sober,45.48801329248746
40,M7,Sober,42.460332427463186
40,M8,Sober,17.697820220493455
40,M9,Sober,38.757542540784705
40,M10,Sober,29.443497237469806
40,M1,Drunk,33.543445271745114
40,M2,Drunk,63.14792596094971
40,M3,Drunk,42.59323861176022
40,M4,Drunk,37.75356354670535
40,M5,Drunk,43.511840017979
40,M6,Drunk,64.98649196776876
40,M7,Drunk,64.79466157659971
40,M8,Drunk,49.018988971211876
40,M9,Drunk,59.43145420998401
40,M10,Drunk,45.11479012656337
41,M1,Sober,37.9158645700978
41,M2,Sober,38.420440471011226
41,M3,Sober,39.81741011437681
41,M4,Sober,28.940425729622664
41,M5,Sober,33.38228662430798
41,M6,Sober,47.93628981161831
41,M7,Sober,44.261651740687256
41,M8,Sober,15.960363931908228
41,M9,Sober,45.5179431397747
41,M10,Sober,25.2135409315326
41,M1,Drunk,45.61003396582594
41,M2,Drunk,72.51250946500981
41,M3,Drunk,58.31464027566417
41,M4,Drunk,55.072398413473
41,M5,Drunk,56.217499853201545
41,M6,Drunk,77.42323381027242
41,M7,Drunk,85.69057018416589
41,M8,Drunk,57.0630034070976
41,M9,Drunk,77.05407064415277
41,M10,Drunk,50.37825095632869
42,M1,Sober,32.53728604290972
42,M2,Sober,25.068205218042255
42,M3,Sober,25.389695235086677
42,M4,Sober,23.261237251142457
42,M5,Sober,28.960992916387486
42,M6,Sober,40.65109399722881
42,M7,Sober,35.47278152732529
42,M8,Sober,21.392785004145367
42,M9,Sober,35.762851182526234
42,M10,Sober,26.497960568616005
42,M1,Drunk,11.251565767644358
42,M2,Drunk,41.4515822093775
42,M3,Drunk,39.561610193152845
42,M4,Drunk,32.09135931369157
42,M5,Drunk,41.853401766970556
42,M6,Drunk,46.16774246771989
42,M7,Drunk,57.202146617403
42,M8,Drunk,37.48561002886854
42,M9,Drunk,44.082583583605924
42,M10,Drunk,23.910968605076853
43,M1,Sober,33.463269028606405
43,M2,Sober,43.31551765390944
43,M3,Sober,44.35675669523766
43,M4,Sober,20.471317398142745
43,M5,Sober,27.635767703527016
43,M6,Sober,36.296788395146585
43,M7,Sober,43.45362303977233
43,M8,Sober,38.393086310494205
43,M9,Sober,21.150268635236408
43,M10,Sober,29.02988151544272
43,M1,Drunk,35.262017594360586
43,M2,Drunk,66.49105010808877
43,M3,Drunk,61.335462532266206
43,M4,Drunk,59.6534573538807
43,M5,Drunk,68.49226056176104
43,M6,Drunk,82.59805611367952
43,M7,Drunk,80.68657977777895
43,M8,Drunk,51.881649415620295
43,M9,Drunk,63.168455537120856
43,M10,Drunk,51.959943923708394
44,M1,Sober,30.09453991789092
44,M2,Sober,43.57256241440368
44,M3,Sober,35.5763344725149
44,M4,Sober,30.528710832778724
44,M5,Sober,29.637387475958686
44,M6,Sober,31.05661474053433
44,M7,Sober,32.380206297024905
44,M8,Sober,31.875826903260275
44,M9,Sober,34.677366046323876
44,M10,Sober,28.85513130805271
44,M1,Drunk,36.566724062849666
44,M2,Drunk,57.554788611946016
44,M3,Drunk,60.07168366283121
44,M4,Drunk,47.95735110410986
44,M5,Drunk,41.03381797248961
44,M6,Drunk,64.55227503040561
44,M7,Drunk,74.9705849519498
44,M8,Drunk,44.95207995800121
44,M9,Drunk,62.686997491935585
44,M10,Drunk,51.091548033130636
45,M1,Sober,31.912098838522294
45,M2,Sober,40.288906638820386
45,M3,Sober,28.96881683293914
45,M4,Sober,29.01449645700721
45,M5,Sober,23.029427876398643
45,M6,Sober,26.08722039044173
45,M7,Sober,28.369622088808377
45,M8,Sober,15.765620621677709
45,M9,Sober,29.795090766305222
45,M10,Sober,21.701097576501716
45,M1,Drunk,29.18298938691739
45,M2,Drunk,57.88905636963462
45,M3,Drunk,50.95198396339819
45,M4,Drunk,49.13293893865234
45,M5,Drunk,41.37349184797822
45,M6,Drunk,65.18354502631723
45,M7,Drunk,64.68834018264741
45,M8,Drunk,35.47091468078018
45,M9,Drunk,61.060749517952544
45,M10,Drunk,39.361274663562305
46,M1,Sober,30.121798825391977
46,M2,Sober,48.11929552848102
46,M3,Sober,38.96700578119007
46,M4,Sober,36.489977336416054
46,M5,Sober,39.38611555716399
46,M6,Sober,27.825152709338603
46,M7,Sober,36.6431628870069
46,M8,Sober,36.93547092946071
46,M9,Sober,34.247891077189664
46,M10,Sober,41.83066661912592
46,M1,Drunk,52.394433709024746
46,M2,Drunk,87.36906539461995
46,M3,Drunk,82.47413284474985
46,M4,Drunk,58.9288112799993
46,M5,Drunk,67.82424794744736
46,M6,Drunk,94.21562474508505
46,M7,Drunk,95.44255058533022
46,M8,Drunk,73.59285508270469
46,M9,Drunk,83.71856763419144
46,M10,Drunk,62.390272009971795
47,M1,Sober,37.456036446859514
47,M2,Sober,36.8724024557862
47,M3,Sober,30.29103266702189
47,M4,Sober,30.212094879708935
47,M5,Sober,26.59167724215345
47,M6,Sober,35.89565787534259
47,M7,Sober,28.857309377410242
47,M8,Sober,20.191012813285006
47,M9,Sober,33.87252109508625
47,M10,Sober,35.75150029713865
47,M1,Drunk,28.03370325160154
47,M2,Drunk,70.101523047054755
47,M3,Drunk,65.07423084032607
47,M4,Drunk,51.26578942581933
47,M5,Drunk,50.82004886865143
47,M6,Drunk,67.79490437496392
47,M7,Drunk,68.37144576458249
47,M8,Drunk,50.301779570520125
47,M9,Drunk,72.85813057510165
47,M10,Drunk,45.690024779280634
48,M1,Sober,25.930917593540027
48,M2,Sober,43.12335665412377
48,M3,Sober,21.98130336689183
48,M4,Sober,14.337051449560171
48,M5,Sober,28.938696468542695
48,M6,Sober,28.598247214554558
48,M7,Sober,28.55669251532297
48,M8,Sober,9.465211778184617
48,M9,Sober,29.78600793546744
48,M10,Sober,20.467586670345185
48,M1,Drunk,42.28536287323933
48,M2,Drunk,67.85182602446527
48,M3,Drunk,66.25177400872732
48,M4,Drunk,54.03098319707762
48,M5,Drunk,57.32450495620987
48,M6,Drunk,76.2610429318434
48,M7,Drunk,66.92142697329658
48,M8,Drunk,60.9627301522424
48,M9,Drunk,73.88274801669608
48,M10,Drunk,48.69966099504652
49,M1,Sober,34.42096628525901
49,M2,Sober,47.50377423901452
49,M3,Sober,40.48002456274319
49,M4,Sober,21.69161441556726
49,M5,Sober,30.481559724492598
49,M6,Sober,35.93514988861101
49,M7,Sober,50.354341163555844
49,M8,Sober,30.156134987205608
49,M9,Sober,31.892423991799575
49,M10,Sober,27.939907296486044
49,M1,Drunk,34.48098711375515
49,M2,Drunk,79.21724552870528
49,M3,Drunk,56.14758352602508
49,M4,Drunk,49.13600506398022
49,M5,Drunk,63.328456493411515
49,M6,Drunk,70.8614917373112
49,M7,Drunk,65.15027239289734
49,M8,Drunk,66.46912498617728
49,M9,Drunk,77.67302754227266
49,M10,Drunk,52.15993393949648
50,M1,Sober,26.404995807982836
50,M2,Sober,42.71902207485706
50,M3,Sober,41.218661078141864
50,M4,Sober,23.30832920068944
50,M5,Sober,34.137239615523825
50,M6,Sober,35.67562057694049
50,M7,Sober,38.28428965966295
50,M8,Sober,33.10112310033264
50,M9,Sober,29.554769993279578
50,M10,Sober,36.6018848268175
50,M1,Drunk,33.10020397799426
50,M2,Drunk,61.960478905341304
50,M3,Drunk,50.08881900042058
50,M4,Drunk,36.66540501273879
50,M5,Drunk,49.21947904263905
50,M6,Drunk,48.391101081773286
50,M7,Drunk,57.63510175410805
50,M8,Drunk,44.45195955953121
50,M9,Drunk,66.3417923673193
50,M10,Drunk,50.119005587223896
51,M1,Sober,25.28468871880037
51,M2,Sober,44.44416967580486
51,M3,Sober,29.914322221873558
51,M4,Sober,20.53400250200354
51,M5,Sober,31.129899142172192
51,M6,Sober,34.57993113203461
51,M7,Sober,37.12899405849522
51,M8,Sober,18.618111029113425
51,M9,Sober,26.925087513639177
51,M10,Sober,31.785758882610786
51,M1,Drunk,16.181717367819708
51,M2,Drunk,61.32214639813876
51,M3,Drunk,38.9305750046949
51,M4,Drunk,27.891943871454846
51,M5,Drunk,38.38635042707418
51,M6,Drunk,63.01929322546345
51,M7,Drunk,57.50864385824237
51,M8,Drunk,33.68909665978162
51,M9,Drunk,48.463989361751736
51,M10,Drunk,36.04581363607885
52,M1,Sober,31.557071522075436
52,M2,Sober,36.88433416993713
52,M3,Sober,46.63296135882031
52,M4,Sober,23.119504653647148
52,M5,Sober,22.96348922974975
52,M6,Sober,42.798320784195965
52,M7,Sober,38.362005120490565
52,M8,Sober,25.679715492546258
52,M9,Sober,32.743453804615456
52,M10,Sober,11.609960955067631
52,M1,Drunk,32.30042223950785
52,M2,Drunk,54.95836250643609
52,M3,Drunk,50.947706899741384
52,M4,Drunk,40.637120250057556
52,M5,Drunk,62.40402185772357
52,M6,Drunk,69.27834060526781
52,M7,Drunk,64.50701558251336
52,M8,Drunk,55.46975880719037
52,M9,Drunk,72.70536911347594
52,M10,Drunk,33.97507705411097
53,M1,Sober,25.977199906130597
53,M2,Sober,40.155857633755694
53,M3,Sober,32.96322151208245
53,M4,Sober,40.73313120670763
53,M5,Sober,30.555060776431645
53,M6,Sober,36.769973374195914
53,M7,Sober,43.72893881598033
53,M8,Sober,24.429520586094583
53,M9,Sober,39.15725665517523
53,M10,Sober,30.8326204130805
53,M1,Drunk,29.532592608288347
53,M2,Drunk,64.83824526724317
53,M3,Drunk,67.39811929467682
53,M4,Drunk,47.53176984344239
53,M5,Drunk,57.0217967168654
53,M6,Drunk,73.01042703380169
53,M7,Drunk,85.53080941824878
53,M8,Drunk,53.5861531012493
53,M9,Drunk,66.50348093259467
53,M10,Drunk,57.779981729598305
54,M1,Sober,20.933472524889417
54,M2,Sober,34.818015518426414
54,M3,Sober,19.96707317940801
54,M4,Sober,16.155242070229406
54,M5,Sober,26.72147596114274
54,M6,Sober,32.90662863339824
54,M7,Sober,30.92474364180431
54,M8,Sober,24.336089107246682
54,M9,Sober,30.715040361306453
54,M10,Sober,31.409745850944635
54,M1,Drunk,31.56728062249123
54,M2,Drunk,57.60270145161419
54,M3,Drunk,52.15389061761331
54,M4,Drunk,40.46282186551248
54,M5,Drunk,41.16896762180341
54,M6,Drunk,63.435729791908315
54,M7,Drunk,74.09437011657906
54,M8,Drunk,49.50363958075829
54,M9,Drunk,64.2005104609056
54,M10,Drunk,45.384527219690554
55,M1,Sober,27.237387916952635
55,M2,Sober,32.16878730011258
55,M3,Sober,32.00284015345888
55,M4,Sober,19.1011856929515
55,M5,Sober,32.51647827428313
55,M6,Sober,35.93064011945654
55,M7,Sober,23.69460634378882
55,M8,Sober,25.999472962635526
55,M9,Sober,29.313899516605115
55,M10,Sober,31.785422630416313
55,M1,Drunk,37.47356993655257
55,M2,Drunk,58.1413953111821
55,M3,Drunk,55.51532110681274
55,M4,Drunk,40.30330764655232
55,M5,Drunk,33.24230384278282
55,M6,Drunk,56.29588620714076
55,M7,Drunk,64.97224164089644
55,M8,Drunk,54.99066109546499
55,M9,Drunk,62.752122987135124
55,M10,Drunk,46.493322012831
56,M1,Sober,35.243312373111515
56,M2,Sober,36.30552123227185
56,M3,Sober,37.737666342303314
56,M4,Sober,34.285699639966346
56,M5,Sober,30.181478558779673
56,M6,Sober,37.57637425028519
56,M7,Sober,36.45662817212715
56,M8,Sober,21.48494548453626
56,M9,Sober,40.79516026989792
56,M10,Sober,34.84919875479441
56,M1,Drunk,42.98625540388077
56,M2,Drunk,84.39356681390824
56,M3,Drunk,61.74332635401642
56,M4,Drunk,47.539177885011966
56,M5,Drunk,62.76111279590083
56,M6,Drunk,71.03552935906733
56,M7,Drunk,75.50931790715671
56,M8,Drunk,64.98788615263584
56,M9,Drunk,69.64349481188611
56,M10,Drunk,48.35987119411811
57,M1,Sober,28.044883284988376
57,M2,Sober,24.309579457404883
57,M3,Sober,24.33309703353746
57,M4,Sober,17.480782408900396
57,M5,Sober,21.18751382140278
57,M6,Sober,26.404250766109623
57,M7,Sober,29.428854858773004
57,M8,Sober,14.55844392920733
57,M9,Sober,29.68319522263349
57,M10,Sober,17.472148198477345
57,M1,Drunk,49.7240656765435
57,M2,Drunk,67.63451137919444
57,M3,Drunk,67.26522076479037
57,M4,Drunk,43.91666519802826
57,M5,Drunk,52.854638471484684
57,M6,Drunk,60.59423225052389
57,M7,Drunk,79.83080664114547
57,M8,Drunk,62.378749605419415
57,M9,Drunk,66.20894515022931
57,M10,Drunk,43.203350537439626
58,M1,Sober,11.785161114802548
58,M2,Sober,34.8625610657607
58,M3,Sober,30.602657174670576
58,M4,Sober,28.407949118836026
58,M5,Sober,25.782176091383057
58,M6,Sober,29.233957927699958
58,M7,Sober,28.277232142837324
58,M8,Sober,12.175765629962399
58,M9,Sober,32.93836659077817
58,M10,Sober,16.152373344998786
58,M1,Drunk,34.30676600844623
58,M2,Drunk,58.67204257115815
58,M3,Drunk,55.0692251211667
58,M4,Drunk,51.10290658501815
58,M5,Drunk,51.94181099053695
58,M6,Drunk,57.99991800422508
58,M7,Drunk,59.15865744322247
58,M8,Drunk,50.22155701377353
58,M9,Drunk,67.49387166862749
58,M10,Drunk,46.21336515323963
59,M1,Sober,23.172859578766317
59,M2,Sober,54.28038275931185
59,M3,Sober,30.204849596212288
59,M4,Sober,42.82080003152929
59,M5,Sober,28.507844314224155
59,M6,Sober,45.235992026847086
59,M7,Sober,36.289561210787525
59,M8,Sober,27.33567569730335
59,M9,Sober,44.05382637339564
59,M10,Sober,32.562003047704685
59,M1,Drunk,62.61439357828784
59,M2,Drunk,78.54358403013902
59,M3,Drunk,72.56379060045721
59,M4,Drunk,65.90298750786074
59,M5,Drunk,67.68745245511658
59,M6,Drunk,88.95106470841593
59,M7,Drunk,84.10073415184408
59,M8,Drunk,64.88333914368351
59,M9,Drunk,74.36521957824517
59,M10,Drunk,69.43068727292226
60,M1,Sober,38.724723596921024
60,M2,Sober,41.36035586449365
60,M3,Sober,23.93881593599918
60,M4,Sober,28.319901765214926
60,M5,Sober,20.176475240913362
60,M6,Sober,27.482164034988568
60,M7,Sober,30.800748240891476
60,M8,Sober,26.8611144652965
60,M9,Sober,33.16744879902142
60,M10,Sober,24.051047654599692
60,M1,Drunk,22.42713975101551
60,M2,Drunk,63.456684971376866
60,M3,Drunk,46.79205713461299
60,M4,Drunk,37.10480586035446
60,M5,Drunk,44.070874080083726
60,M6,Drunk,58.03226527603567
60,M7,Drunk,67.1115687564638
60,M8,Drunk,55.52242518433879
60,M9,Drunk,62.886180435737096
60,M10,Drunk,41.84880267415048
61,M1,Sober,27.555722916502205
61,M2,Sober,47.11000290589898
61,M3,Sober,36.05267543937897
61,M4,Sober,26.0993737669186
61,M5,Sober,25.326319416579288
61,M6,Sober,45.24250550906694
61,M7,Sober,30.318567204499946
61,M8,Sober,30.618952251312454
61,M9,Sober,38.044298220830896
61,M10,Sober,31.27034284130665
61,M1,Drunk,44.44316263406873
61,M2,Drunk,71.76650662705224
61,M3,Drunk,72.64296887983252
61,M4,Drunk,67.9184763125731
61,M5,Drunk,68.22991068994814
61,M6,Drunk,71.50411941849683
61,M7,Drunk,71.76968332680794
61,M8,Drunk,63.90133678570561
61,M9,Drunk,74.70676397166028
61,M10,Drunk,40.534325319621445
62,M1,Sober,28.679941479650058
62,M2,Sober,39.4263179461629
62,M3,Sober,32.17992581051549
62,M4,Sober,25.414577900166226
62,M5,Sober,31.35336635860081
62,M6,Sober,35.373498849188884
62,M7,Sober,34.52383604269474
62,M8,Sober,22.065460703831114
62,M9,Sober,32.983195428857094
62,M10,Sober,23.565424862047585
62,M1,Drunk,36.750268687412635
62,M2,Drunk,71.21460606768142
62,M3,Drunk,51.27017367107452
62,M4,Drunk,43.513600985235655
62,M5,Drunk,42.977285498781505
62,M6,Drunk,53.235395986393215
62,M7,Drunk,54.92233672934686
62,M8,Drunk,43.515023610891106
62,M9,Drunk,65.76802821628773
62,M10,Drunk,40.01746421274283
63,M1,Sober,23.908605836212974
63,M2,Sober,44.985686023637946
63,M3,Sober,43.109597661230175
63,M4,Sober,35.67828316984566
63,M5,Sober,29.615287219573784
63,M6,Sober,47.03906350982938
63,M7,Sober,32.27311969049374
63,M8,Sober,29.817872518433337
63,M9,Sober,40.59821972042036
63,M10,Sober,36.64800163172015
63,M1,Drunk,53.29656225002377
63,M2,Drunk,77.73195392232483
63,M3,Drunk,66.26311929684098
63,M4,Drunk,64.70441222427286
63,M5,Drunk,53.441331404960295
63,M6,Drunk,83.39192852526811
63,M7,Drunk,75.02276462157133
63,M8,Drunk,58.032020685905096
63,M9,Drunk,88.34735484761669
63,M10,Drunk,64.31638675213519
64,M1,Sober,32.6993248832427
64,M2,Sober,49.15861575134536
64,M3,Sober,39.907814390159054
64,M4,Sober,26.422689269126668
64,M5,Sober,36.27632212055937
64,M6,Sober,42.17759269598176
64,M7,Sober,40.77504343274492
64,M8,Sober,21.039544918528932
64,M9,Sober,33.760488636002464
64,M10,Sober,28.70969894262921
64,M1,Drunk,42.87754353571833
64,M2,Drunk,82.96890479936914
64,M3,Drunk,66.5006720632368
64,M4,Drunk,61.58725398038665
64,M5,Drunk,58.65593682798792
64,M6,Drunk,78.9992705214124
64,M7,Drunk,70.33892665321912
64,M8,Drunk,50.650550610520526
64,M9,Drunk,63.248750028932335
64,M10,Drunk,40.05509537720124
65,M1,Sober,30.56515130160592
65,M2,Sober,35.42307763008695
65,M3,Sober,28.46772712081193
65,M4,Sober,35.25872381845044
65,M5,Sober,32.53436943938455
65,M6,Sober,25.46406829214385
65,M7,Sober,34.782043279438064
65,M8,Sober,16.948166535802123
65,M9,Sober,38.79795923553536
65,M10,Sober,28.909290804433986
65,M1,Drunk,28.25220938029574
65,M2,Drunk,42.22262055838669
65,M3,Drunk,57.546490847473976
65,M4,Drunk,45.967946148972004
65,M5,Drunk,48.61822031484138
65,M6,Drunk,63.36717622198961
65,M7,Drunk,72.03226122805431
65,M8,Drunk,51.561390895946545
65,M9,Drunk,59.762282687127666
65,M10,Drunk,44.81449794428522
66,M1,Sober,19.484511044901467
66,M2,Sober,33.179897828020316
66,M3,Sober,31.411318916047886
66,M4,Sober,31.232056310916416
66,M5,Sober,23.868645645164328
66,M6,Sober,32.09317714718572
66,M7,Sober,37.57120300569833
66,M8,Sober,13.082752417626772
66,M9,Sober,30.604112883077573
66,M10,Sober,29.411031148370043
66,M1,Drunk,35.565711536115785
66,M2,Drunk,74.20636147518974
66,M3,Drunk,55.375145533298266
66,M4,Drunk,43.83845620984169
66,M5,Drunk,31.320072665973285
66,M6,Drunk,68.5959736889885
66,M7,Drunk,69.3164553257966
66,M8,Drunk,59.53299455607732
66,M9,Drunk,73.43763014431525
66,M10,Drunk,42.99616297864649
67,M1,Sober,25.10398204935958
67,M2,Sober,39.602383821223015
67,M3,Sober,30.11149163462097
67,M4,Sober,16.993499128354372
67,M5,Sober,31.54480680034151
67,M6,Sober,38.32488886585925
67,M7,Sober,27.573104699593312
67,M8,Sober,10.010980097161188
67,M9,Sober,34.82299192504286
67,M10,Sober,33.26191906318276
67,M1,Drunk,25.68522155991504
67,M2,Drunk,66.01953021251153
67,M3,Drunk,53.93662524248118
67,M4,Drunk,27.721388008130393
67,M5,Drunk,37.03263365404689
67,M6,Drunk,61.26440590472554
67,M7,Drunk,70.38736023088376
67,M8,Drunk,50.57088994675675
67,M9,Drunk,60.567197248951445
67,M10,Drunk,34.25663265407471
68,M1,Sober,28.297955046387756
68,M2,Sober,35.817218511112834
68,M3,Sober,31.582999489864843
68,M4,Sober,27.262387476906458
68,M5,Sober,22.81464781388933
68,M6,Sober,45.43264424455321
68,M7,Sober,41.89467870899275
68,M8,Sober,12.745450552979786
68,M9,Sober,26.35018107420968
68,M10,Sober,34.54602804273949
68,M1,Drunk,35.761523278448294
68,M2,Drunk,74.98648878478353
68,M3,Drunk,59.43900132572979
68,M4,Drunk,27.789112775554795
68,M5,Drunk,49.28924150203777
68,M6,Drunk,59.13133196324264
68,M7,Drunk,76.85921167234437
68,M8,Drunk,52.58493169834182
68,M9,Drunk,60.885499379544726
68,M10,Drunk,53.53587789692125
69,M1,Sober,18.090034828011834
69,M2,Sober,37.84731303759828
69,M3,Sober,36.97038790844725
69,M4,Sober,27.30888884442073
69,M5,Sober,34.88465751858262
69,M6,Sober,37.291843987055174
69,M7,Sober,31.158107746264186
69,M8,Sober,28.282126101448743
69,M9,Sober,34.27134473481871
69,M10,Sober,31.090918522865767
69,M1,Drunk,34.81652672292518
69,M2,Drunk,72.83091728775554
69,M3,Drunk,40.037194784889806
69,M4,Drunk,36.49561557022823
69,M5,Drunk,54.2592763150235
69,M6,Drunk,68.2750527486853
69,M7,Drunk,84.33359676742819
69,M8,Drunk,46.72283817085686
69,M9,Drunk,68.13151716753518
69,M10,Drunk,38.755128216257845
70,M1,Sober,37.73371596288567
70,M2,Sober,30.679621888074333
70,M3,Sober,26.894584221365093
70,M4,Sober,13.176716182139582
70,M5,Sober,37.10211499690796
70,M6,Sober,34.601781158134244
70,M7,Sober,38.49504701388372
70,M8,Sober,25.99858361626012
70,M9,Sober,24.071859260422148
70,M10,Sober,28.751290358979986
70,M1,Drunk,41.79489144027841
70,M2,Drunk,68.38960801075785
70,M3,Drunk,51.011838972917616
70,M4,Drunk,32.3449702387291
70,M5,Drunk,53.84173542409955
70,M6,Drunk,62.87757165001996
70,M7,Drunk,55.68458958793077
70,M8,Drunk,54.64818517410889
70,M9,Drunk,68.09622504735468
70,M10,Drunk,53.95515423976077
71,M1,Sober,20.734525242129067
71,M2,Sober,38.6093677972022
71,M3,Sober,34.44870017309281
71,M4,Sober,24.56776172737466
71,M5,Sober,30.123418830643008
71,M6,Sober,33.79579992104335
71,M7,Sober,41.65961238772256
71,M8,Sober,33.2445940725211
71,M9,Sober,36.58895570372809
71,M10,Sober,28.63408457890491
71,M1,Drunk,47.8237105046832
71,M2,Drunk,75.36405554986915
71,M3,Drunk,69.0831044251403
71,M4,Drunk,58.267331516881164
71,M5,Drunk,57.3376418015381
71,M6,Drunk,93.62748206522262
71,M7,Drunk,83.0242610419862
71,M8,Drunk,74.94198875176662
71,M9,Drunk,69.10746849330067
71,M10,Drunk,52.75366509835135
72,M1,Sober,30.094699981221105
72,M2,Sober,45.67276770411496
72,M3,Sober,31.41542808724929
72,M4,Sober,27.109767254920097
72,M5,Sober,38.360600776552914
72,M6,Sober,30.821080329541953
72,M7,Sober,37.995209414088784
72,M8,Sober,26.802107787707
72,M9,Sober,31.09227112790485
72,M10,Sober,35.51357485236376
72,M1,Drunk,32.77445537864226
72,M2,Drunk,68.7929032237621
72,M3,Drunk,61.81711088203638
72,M4,Drunk,34.41782229592036
72,M5,Drunk,30.280121906267603
72,M6,Drunk,61.012251372039465
72,M7,Drunk,56.34213466989505
72,M8,Drunk,47.78340675591627
72,M9,Drunk,60.516205642013404
72,M10,Drunk,41.964929777982235
73,M1,Sober,19.644846718672994
73,M2,Sober,40.28684195173619
73,M3,Sober,36.414268230584625
73,M4,Sober,31.792935873538738
73,M5,Sober,18.7472131029347
73,M6,Sober,33.509324654505576
73,M7,Sober,32.92497937073893
73,M8,Sober,32.92546050920505
73,M9,Sober,21.952317670533354
73,M10,Sober,18.246215966306572
73,M1,Drunk,14.452098044011763
73,M2,Drunk,58.2144946538819
73,M3,Drunk,51.61317632816717
73,M4,Drunk,43.913117686935095
73,M5,Drunk,43.75584877765234
73,M6,Drunk,66.69001698472307
73,M7,Drunk,68.13233409992301
73,M8,Drunk,49.411677043266636
73,M9,Drunk,59.340631498883795
73,M10,Drunk,47.52251741706135
74,M1,Sober,26.057694069551868
74,M2,Sober,35.175901660142955
74,M3,Sober,39.028368015520584
74,M4,Sober,32.634077655204656
74,M5,Sober,38.991132675848334
74,M6,Sober,35.750504075692625
74,M7,Sober,46.24328461888233
74,M8,Sober,22.45676570977713
74,M9,Sober,28.038332170948053
74,M10,Sober,38.02313555356814
74,M1,Drunk,50.16759293933249
74,M2,Drunk,75.66534233792069
74,M3,Drunk,68.0419875723591
74,M4,Drunk,69.304988041325
74,M5,Drunk,57.827677477658234
74,M6,Drunk,84.2815802260169
74,M7,Drunk,72.24395053791605
74,M8,Drunk,60.255729717009054
74,M9,Drunk,75.74966049424421
74,M10,Drunk,58.00385012802757
75,M1,Sober,27.95820407893781
75,M2,Sober,47.790809278686794
75,M3,Sober,36.09468925197855
75,M4,Sober,37.13143854367968
75,M5,Sober,29.30428509227873
75,M6,Sober,35.45353297477991
75,M7,Sober,37.28835119998682
75,M8,Sober,18.109684574289318
75,M9,Sober,28.93584633083565
75,M10,Sober,38.929335674219544
75,M1,Drunk,36.65591571079179
75,M2,Drunk,48.153923084624864
75,M3,Drunk,55.2212686461275
75,M4,Drunk,38.12568011885891
75,M5,Drunk,54.51731579987251
75,M6,Drunk,71.53276324878715
75,M7,Drunk,62.141806225180076
75,M8,Drunk,51.20076032220103
75,M9,Drunk,67.40987395746527
75,M10,Drunk,44.011193667902226
76,M1,Sober,18.809820892661783
76,M2,Sober,34.93117365586049
76,M3,Sober,17.70142501159617
76,M4,Sober,27.63746203213447
76,M5,Sober,24.762319713167646
76,M6,Sober,25.665960428287487
76,M7,Sober,23.541945163982525
76,M8,Sober,32.74103582830973
76,M9,Sober,30.371420552566434
76,M10,Sober,22.29811195594174
76,M1,Drunk,47.271920364864194
76,M2,Drunk,71.82494306592304
76,M3,Drunk,61.1637510326631
76,M4,Drunk,54.67741123324966
76,M5,Drunk,47.30438306724888
76,M6,Drunk,87.97956491050937
76,M7,Drunk,84.72601143392131
76,M8,Drunk,56.300548741513076
76,M9,Drunk,69.01285549556096
76,M10,Drunk,60.82635643759629
77,M1,Sober,32.505357743658536
77,M2,Sober,48.690142171471564
77,M3,Sober,33.46098251153699
77,M4,Sober,33.97819965375833
77,M5,Sober,21.50908131332936
77,M6,Sober,34.98334527241722
77,M7,Sober,22.82953075943451
77,M8,Sober,25.58102905264604
77,M9,Sober,25.825164569832722
77,M10,Sober,32.43903308977706
77,M1,Drunk,39.993605530492644
77,M2,Drunk,62.49955362050771
77,M3,Drunk,59.054559672880146
77,M4,Drunk,44.21973693977755
77,M5,Drunk,49.396965316240404
77,M6,Drunk,53.11752134652657
77,M7,Drunk,70.64707911367252
77,M8,Drunk,51.9111036155919
77,M9,Drunk,63.18132060068754
77,M10,Drunk,44.88230114075195
78,M1,Sober,28.644501065946425
78,M2,Sober,44.295442060572626
78,M3,Sober,42.301344548733404
78,M4,Sober,38.42994805067736
78,M5,Sober,41.84716727804077
78,M6,Sober,40.11288689727725
78,M7,Sober,44.51211326125366
78,M8,Sober,10.058988994070603
78,M9,Sober,33.62817781216005
78,M10,Sober,31.115409277313553
78,M1,Drunk,42.04004633300361
78,M2,Drunk,68.15870419112876
78,M3,Drunk,51.80287457864855
78,M4,Drunk,50.45032999994179
78,M5,Drunk,30.024780845172693
78,M6,Drunk,66.43377245731789
78,M7,Drunk,70.24617809998986
78,M8,Drunk,46.13863057500829
78,M9,Drunk,64.36389595724557
78,M10,Drunk,48.663357173355735
79,M1,Sober,22.398253205806913
79,M2,Sober,38.46186648355774
79,M3,Sober,35.243193759494915
79,M4,Sober,28.087828162204946
79,M5,Sober,27.13559536890062
79,M6,Sober,30.90430076068469
79,M7,Sober,17.81612156609925
79,M8,Sober,17.855076571844315
79,M9,Sober,28.12628252508436
79,M10,Sober,26.714288821929905
79,M1,Drunk,42.82033987664395
79,M2,Drunk,72.00904819574558
79,M3,Drunk,67.15227480710273
79,M4,Drunk,49.27798943104396
79,M5,Drunk,59.13140260511202
79,M6,Drunk,78.24498252082486
79,M7,Drunk,76.22880405505349
79,M8,Drunk,73.79430310578007
79,M9,Drunk,91.98816147951057
79,M10,Drunk,57.42866732624886
80,M1,Sober,25.927071897441646
80,M2,Sober,32.85078011501424
80,M3,Sober,34.77346620511602
80,M4,Sober,32.36942255930333
80,M5,Sober,32.78682581469278
80,M6,Sober,31.399160235378385
80,M7,Sober,41.465965999924926
80,M8,Sober,19.348724962531257
80,M9,Sober,20.32875994148573
80,M10,Sober,17.822083723736625
80,M1,Drunk,20.683641582631182
80,M2,Drunk,57.508552952030975
80,M3,Drunk,48.60607188805295
80,M4,Drunk,37.32279236302762
80,M5,Drunk,35.81568438317566
80,M6,Drunk,55.0780516867827
80,M7,Drunk,55.63831699481785
80,M8,Drunk,32.73937033610975
80,M9,Drunk,52.69112771851925
80,M10,Drunk,36.1452452653711
81,M1,Sober,32.352057856158126
81,M2,Sober,41.51035583327419
81,M3,Sober,29.412471475059093
81,M4,Sober,14.026601334001652
81,M5,Sober,38.58280625561248
81,M6,Sober,46.60958080562094
81,M7,Sober,41.02102960032658
81,M8,Sober,17.635675593975286
81,M9,Sober,39.25293361332655
81,M10,Sober,31.822591466773428
81,M1,Drunk,41.92350962125752
81,M2,Drunk,68.92322483045432
81,M3,Drunk,56.907564263928954
81,M4,Drunk,57.5259830307287
81,M5,Drunk,56.938979993470625
81,M6,Drunk,88.8078769926523
81,M7,Drunk,79.70329566183699
81,M8,Drunk,58.495466119734544
81,M9,Drunk,74.05957397829266
81,M10,Drunk,62.158724061334816
82,M1,Sober,33.00283543824419
82,M2,Sober,37.35845945355608
82,M3,Sober,41.94422501592028
82,M4,Sober,26.636817462865512
82,M5,Sober,36.197211287572856
82,M6,Sober,37.19840919491823
82,M7,Sober,36.58142944535944
82,M8,Sober,14.23252205892399
82,M9,Sober,30.847070702015813
82,M10,Sober,26.13721978751591
82,M1,Drunk,31.992422600772574
82,M2,Drunk,63.23231963165804
82,M3,Drunk,71.38681191265874
82,M4,Drunk,53.169464981995915
82,M5,Drunk,49.20036363643341
82,M6,Drunk,75.86696537704239
82,M7,Drunk,65.10541141668968
82,M8,Drunk,49.899202149534275
82,M9,Drunk,62.442178565504555
82,M10,Drunk,38.78388940107409
83,M1,Sober,23.115280422415587
83,M2,Sober,42.82043331613175
83,M3,Sober,28.343251261505
83,M4,Sober,21.52876007841372
83,M5,Sober,17.804321840529443
83,M6,Sober,36.91337908835141
83,M7,Sober,32.2027753726768
83,M8,Sober,29.071108126019528
83,M9,Sober,34.88712935203573
83,M10,Sober,31.72486070539119
83,M1,Drunk,22.25079334656671
83,M2,Drunk,57.8498638418419
83,M3,Drunk,34.93101668236041
83,M4,Drunk,34.46545856251548
83,M5,Drunk,50.420264112863535
83,M6,Drunk,61.45524827788881
83,M7,Drunk,64.40992443874104
83,M8,Drunk,46.25271659896908
83,M9,Drunk,56.707468124913376
83,M10,Drunk,40.83363850945527
84,M1,Sober,20.04167880169316
84,M2,Sober,39.52392227668252
84,M3,Sober,32.626757132611544
84,M4,Sober,19.555021861836032
84,M5,Sober,35.88892352068376
84,M6,Sober,30.248037673720983
84,M7,Sober,19.652664586245017
84,M8,Sober,14.913216408027491
84,M9,Sober,41.20863734309407
84,M10,Sober,23.991091169897068
84,M1,Drunk,24.86715931038967
84,M2,Drunk,61.64674302014386
84,M3,Drunk,48.78000328671493
84,M4,Drunk,37.24054482430489
84,M5,Drunk,49.11515904930291
84,M6,Drunk,54.18133629928645
84,M7,Drunk,65.20031246141215
84,M8,Drunk,46.404074487284525
84,M9,Drunk,60.36365570265416
84,M10,Drunk,50.38534995061215
85,M1,Sober,20.225463082474647
85,M2,Sober,38.4481435410454
85,M3,Sober,13.863886045504081
85,M4,Sober,23.738767516383895
85,M5,Sober,18.148571135256905
85,M6,Sober,35.34275264569346
85,M7,Sober,26.097399553475796
85,M8,Sober,21.220621283653806
85,M9,Sober,28.786510848335567
85,M10,Sober,18.479541584324252
85,M1,Drunk,30.836553779765406
85,M2,Drunk,64.13844297521118
85,M3,Drunk,61.919297425294225
85,M4,Drunk,38.683534915332274
85,M5,Drunk,32.275122817238895
85,M6,Drunk,61.489274662344485
85,M7,Drunk,80.05454510101052
85,M8,Drunk,42.129635874041654
85,M9,Drunk,53.6881697784425
85,M10,Drunk,38.37647217765061
86,M1,Sober,36.26014026339778
86,M2,Sober,51.54798369447672
86,M3,Sober,32.40701994439666
86,M4,Sober,43.82960045102151
86,M5,Sober,28.213090227635973
86,M6,Sober,37.501722489173474
86,M7,Sober,46.85940862870734
86,M8,Sober,23.078737584468705
86,M9,Sober,25.86001854021599
86,M10,Sober,28.906710578585038
86,M1,Drunk,41.79748034849503
86,M2,Drunk,71.92001297791847
86,M3,Drunk,77.37825580490951
86,M4,Drunk,61.31889217312469
86,M5,Drunk,51.62427455295974
86,M6,Drunk,80.28645140851444
86,M7,Drunk,78.17275540611037
86,M8,Drunk,58.706230020078415
86,M9,Drunk,72.0125272852864
86,M10,Drunk,54.594716185608284
87,M1,Sober,23.29010288533033
87,M2,Sober,33.4726735058669
87,M3,Sober,30.324481274635446
87,M4,Sober,23.464090787041513
87,M5,Sober,27.76943549881467
87,M6,Sober,33.03415528730547
87,M7,Sober,31.285449738797286
87,M8,Sober,21.308226887780386
87,M9,Sober,27.600458895315466
87,M10,Sober,18.360828370085887
87,M1,Drunk,46.96234141401729
87,M2,Drunk,87.9894854640012
87,M3,Drunk,57.05503686638488
87,M4,Drunk,60.47651520105123
87,M5,Drunk,62.55149329231332
87,M6,Drunk,71.28447635685926
87,M7,Drunk,76.52497693358313
87,M8,Drunk,39.33178393984944
87,M9,Drunk,63.06225030108251
87,M10,Drunk,66.90043197557178
88,M1,Sober,27.442248012962757
88,M2,Sober,39.581332842916154
88,M3,Sober,29.500555243506497
88,M4,Sober,29.4972268185515
88,M5,Sober,28.710152018826683
88,M6,Sober,41.5992314446206
88,M7,Sober,28.575896494048873
88,M8,Sober,25.560055207990775
88,M9,Sober,29.388618519175736
88,M10,Sober,28.083680629332257
88,M1,Drunk,41.405882084077284
88,M2,Drunk,73.26466703709195
88,M3,Drunk,58.394864019584546
88,M4,Drunk,48.078662589217714
88,M5,Drunk,43.034294648461895
88,M6,Drunk,64.57331209319199
88,M7,Drunk,70.0047827280357
88,M8,Drunk,42.54925690498305
88,M9,Drunk,69.3834709207335
88,M10,Drunk,42.54556295691831
89,M1,Sober,18.7838872844165
89,M2,Sober,33.01069596980489
89,M3,Sober,34.306175158560436
89,M4,Sober,23.532118820181875
89,M5,Sober,39.75888718405315
89,M6,Sober,37.5623747931077
89,M7,Sober,28.910003369857993
89,M8,Sober,14.852987877735274
89,M9,Sober,30.478036627473557
89,M10,Sober,26.277089817127624
89,M1,Drunk,41.104897181261485
89,M2,Drunk,90.28556956803354
89,M3,Drunk,62.80117839685548
89,M4,Drunk,62.4369706710044
89,M5,Drunk,61.02789854491674
89,M6,Drunk,79.46219120767864
89,M7,Drunk,67.56746011494744
89,M8,Drunk,57.81233747436311
89,M9,Drunk,82.95519099730683
89,M10,Drunk,65.64694464042165
90,M1,Sober,22.228918054380497
90,M2,Sober,31.265476972585496
90,M3,Sober,32.61805179763336
90,M4,Sober,14.362767384305057
90,M5,Sober,35.55080039660664
90,M6,Sober,40.168536852241935
90,M7,Sober,30.820488002461712
90,M8,Sober,26.58688660150911
90,M9,Sober,15.464083945261168
90,M10,Sober,27.277329609858956
90,M1,Drunk,34.48293724492866
90,M2,Drunk,69.51123472921687
90,M3,Drunk,41.30397486204815
90,M4,Drunk,45.201615456264534
90,M5,Drunk,48.728861997607936
90,M6,Drunk,83.34206904915123
90,M7,Drunk,79.06780234345385
90,M8,Drunk,49.940183750672105
90,M9,Drunk,65.45908433846073
90,M10,Drunk,43.715426187205836
91,M1,Sober,27.38085877268533
91,M2,Sober,41.55029310208204
91,M3,Sober,29.165738921839562
91,M4,Sober,39.904002300055794
91,M5,Sober,37.651732550095474
91,M6,Sober,25.44791663693913
91,M7,Sober,30.368893298020893
91,M8,Sober,17.260088745592313
91,M9,Sober,31.88454567843148
91,M10,Sober,28.73708695548886
91,M1,Drunk,29.681608150980516
91,M2,Drunk,78.42181878598018
91,M3,Drunk,60.529991686594755
91,M4,Drunk,60.615227917805186
91,M5,Drunk,57.54496704143771
91,M6,Drunk,79.2514172172381
91,M7,Drunk,86.56068891518876
91,M8,Drunk,50.65816108098729
91,M9,Drunk,70.6361690870664
91,M10,Drunk,51.572982639891386
92,M1,Sober,22.18898123571035
92,M2,Sober,32.86626180045865
92,M3,Sober,34.74961511319338
92,M4,Sober,12.220778904402355
92,M5,Sober,40.3595068405686
92,M6,Sober,24.96987904408312
92,M7,Sober,36.50134077484522
92,M8,Sober,18.04191922523586
92,M9,Sober,22.177752584294062
92,M10,Sober,20.854722605112478
92,M1,Drunk,30.64498317018464
92,M2,Drunk,67.61230995850431
92,M3,Drunk,57.29062193360445
92,M4,Drunk,53.98962660877244
92,M5,Drunk,57.434331579667415
92,M6,Drunk,78.53339048881013
92,M7,Drunk,79.51163977144148
92,M8,Drunk,61.34324763110959
92,M9,Drunk,55.425478949272886
92,M10,Drunk,45.883374575695775
93,M1,Sober,20.02617906447297
93,M2,Sober,54.349461184450035
93,M3,Sober,36.37304772327412
93,M4,Sober,38.00456479419127
93,M5,Sober,35.78957466488597
93,M6,Sober,52.18932975374372
93,M7,Sober,34.12179628354538
93,M8,Sober,33.79732927785624
93,M9,Sober,40.06637336087038
93,M10,Sober,32.05551979767984
93,M1,Drunk,60.43339032877597
93,M2,Drunk,84.42467850054257
93,M3,Drunk,67.65775500930401
93,M4,Drunk,66.66446737979993
93,M5,Drunk,62.04418629908834
93,M6,Drunk,84.13814163725493
93,M7,Drunk,88.95214313262102
93,M8,Drunk,71.55915189940164
93,M9,Drunk,78.22262123352348
93,M10,Drunk,62.04651355812328
94,M1,Sober,35.33798464394456
94,M2,Sober,46.359207508059384
94,M3,Sober,32.09204040121537
94,M4,Sober,33.52022915570297
94,M5,Sober,27.453045219883172
94,M6,Sober,38.43890194311039
94,M7,Sober,33.5445412056994
94,M8,Sober,26.067506941008627
94,M9,Sober,33.38997266887298
94,M10,Sober,41.52735226756172
94,M1,Drunk,24.851759101362354
94,M2,Drunk,69.31423348816594
94,M3,Drunk,55.254471382060764
94,M4,Drunk,52.796407278896226
94,M5,Drunk,48.533521239722546
94,M6,Drunk,73.76622414689176
94,M7,Drunk,69.50610302372145
94,M8,Drunk,47.270417991894476
94,M9,Drunk,60.207141640175436
94,M10,Drunk,46.96028747664209
95,M1,Sober,23.878335549991768
95,M2,Sober,42.98146834202022
95,M3,Sober,52.57791328136687
95,M4,Sober,40.44400007816306
95,M5,Sober,29.41883630359175
95,M6,Sober,39.349291932567546
95,M7,Sober,45.365917762670136
95,M8,Sober,21.48200834253256
95,M9,Sober,38.78400358902467
95,M10,Sober,34.91016996398753
95,M1,Drunk,42.29501248571795
95,M2,Drunk,69.45581273254504
95,M3,Drunk,52.10932040936239
95,M4,Drunk,35.885613977358396
95,M5,Drunk,49.40169694093885
95,M6,Drunk,58.23165876668735
95,M7,Drunk,71.67306794343857
95,M8,Drunk,49.6893904385549
95,M9,Drunk,51.95250249193602
95,M10,Drunk,47.8930354399188
96,M1,Sober,37.48891865537482
96,M2,Sober,52.42077692115659
96,M3,Sober,43.140220649952084
96,M4,Sober,49.05149444045148
96,M5,Sober,52.17962183868281
96,M6,Sober,51.291033001422804
96,M7,Sober,35.86007219284629
96,M8,Sober,34.498932980262296
96,M9,Sober,43.13928913450853
96,M10,Sober,57.95254548604494
96,M1,Drunk,64.33275917135018
96,M2,Drunk,92.83748010637187
96,M3,Drunk,71.7491909638027
96,M4,Drunk,66.93096660981483
96,M5,Drunk,74.67740448867238
96,M6,Drunk,86.16930591124273
96,M7,Drunk,97.98498054291994
96,M8,Drunk,79.3106941371086
96,M9,Drunk,83.79342908772452
96,M10,Drunk,61.91710400180246
97,M1,Sober,40.557217978054204
97,M2,Sober,42.82581302474711
97,M3,Sober,39.430023102142556
97,M4,Sober,32.13107966022226
97,M5,Sober,34.024544344688515
97,M6,Sober,38.732881190498475
97,M7,Sober,32.144915045764435
97,M8,Sober,29.480420745838124
97,M9,Sober,45.28497667685911
97,M10,Sober,31.363827832582093
97,M1,Drunk,46.700408932858956
97,M2,Drunk,80.83820832974338
97,M3,Drunk,65.76614427175008
97,M4,Drunk,57.51997915605705
97,M5,Drunk,66.39324070918583
97,M6,Drunk,93.86227430059007
97,M7,Drunk,80.03948462570824
97,M8,Drunk,64.96490157227376
97,M9,Drunk,67.54059635902067
97,M10,Drunk,72.42880871231301
98,M1,Sober,42.6834613954819
98,M2,Sober,40.808064629144276
98,M3,Sober,36.14614705925538
98,M4,Sober,31.978035366036046
98,M5,Sober,33.26671858776373
98,M6,Sober,48.58073134094887
98,M7,Sober,41.477558613228595
98,M8,Sober,27.528635458094676
98,M9,Sober,29.73076219821726
98,M10,Sober,19.413061196433432
98,M1,Drunk,46.6873053355596
98,M2,Drunk,63.840223889510725
98,M3,Drunk,47.64637927874798
98,M4,Drunk,42.93148206452424
98,M5,Drunk,47.52260654974178
98,M6,Drunk,75.94616375566252
98,M7,Drunk,76.34660707650134
98,M8,Drunk,58.02239025518602
98,M9,Drunk,62.93969946567812
98,M10,Drunk,43.64907819457261
99,M1,Sober,42.6965642406233
99,M2,Sober,49.01807792881789
99,M3,Sober,33.52343866690979
99,M4,Sober,31.22597913165849
99,M5,Sober,46.3485195104223
99,M6,Sober,44.79731643221536
99,M7,Sober,49.08108103088907
99,M8,Sober,33.49585285983371
99,M9,Sober,34.84627997461089
99,M10,Sober,37.58359182983643
99,M1,Drunk,36.53953060745452
99,M2,Drunk,75.22468833401143
99,M3,Drunk,70.84982634970375
99,M4,Drunk,59.36063095799165
99,M5,Drunk,53.81360682857602
99,M6,Drunk,87.25484247722594
99,M7,Drunk,80.81814987720743
99,M8,Drunk,70.9145636057912
99,M9,Drunk,81.39668027330649
99,M10,Drunk,44.884286208436734
100,M1,Sober,26.70878583929522
100,M2,Sober,38.720062172674005
100,M3,Sober,14.99386487353248
100,M4,Sober,7.494824200137369
100,M5,Sober,21.12942771456445
100,M6,Sober,30.283007831347064
100,M7,Sober,13.319163985556134
100,M8,Sober,19.55239532807067
100,M9,Sober,27.129599310956333
100,M10,Sober,11.751910530277183
100,M1,Drunk,21.82663572579409
100,M2,Drunk,50.051969511188645
100,M3,Drunk,30.955200889799606
100,M4,Drunk,16.3803022230653
100,M5,Drunk,42.4365828816497
100,M6,Drunk,46.79337522653889
100,M7,Drunk,55.249281173269516
100,M8,Drunk,31.722911527602495
100,M9,Drunk,61.989854791615585
100,M10,Drunk,25.957529961534316
